"","ID","Description","GeneRatio","BgRatio","pvalue","p.adjust","qvalue","geneID","Count","dynamicColors","Domain","full_counts","ratio","Term","Bg_Counts","Bg_Totals","BR","-log(qvalue)"
"1","   02010 ABC transporters","   02010 ABC transporters","10/40","118/1917",9.38150339913272e-05,0.00449252768058691,0.0039408137549008,"centroid_10/centroid_1328/centroid_1434/centroid_2951/centroid_2952/centroid_2954/centroid_4362/centroid_4363/centroid_931/centroid_932",10,"cyan","KEGG Pathways",40,0.25,"   02010 ABC transporters",118,1917,0.0615545122587376,5.53636804022123
"2","  09131 Membrane transport","  09131 Membrane transport","12/40","182/1917",0.000193632184591734,0.00449252768058691,0.0039408137549008,"centroid_10/centroid_1328/centroid_1434/centroid_1951/centroid_2951/centroid_2952/centroid_2954/centroid_4362/centroid_4363/centroid_735/centroid_931/centroid_932",12,"cyan","KEGG Pathways",40,0.3,"  09131 Membrane transport",182,1917,0.0949400104329682,5.53636804022123
"3"," 09130 Environmental Information Processing"," 09130 Environmental Information Processing","14/40","247/1917",0.000249584871143717,0.00449252768058691,0.0039408137549008,"centroid_10/centroid_1328/centroid_1434/centroid_1437/centroid_1438/centroid_1951/centroid_2951/centroid_2952/centroid_2954/centroid_4362/centroid_4363/centroid_735/centroid_931/centroid_932",14,"cyan","KEGG Pathways",40,0.35," 09130 Environmental Information Processing",247,1917,0.128847157016171,5.53636804022123
"4","  09102 Energy metabolism","  09102 Energy metabolism","7/34","70/1917",0.000156705494597337,0.0106559736326189,0.0092373765236325,"centroid_1561/centroid_1562/centroid_3199/centroid_3610/centroid_3615/centroid_41/centroid_499",7,"black","KEGG Pathways",34,0.205882352941176,"  09102 Energy metabolism",70,1917,0.0365153886280647,4.68449735965697
"5","   03010 Ribosome","   03010 Ribosome","6/66","33/1917",0.000705503130126802,0.0176375782531701,0.0155953323501714,"centroid_10022/centroid_9937/centroid_9938/centroid_9939/centroid_9940/centroid_9942",6,"darkred","KEGG Pathways",66,0.0909090909090909,"   03010 Ribosome",33,1917,0.0172143974960876,4.16078361782073
"6","   03011 Ribosome","   03011 Ribosome","6/66","33/1917",0.000705503130126802,0.0176375782531701,0.0155953323501714,"centroid_10022/centroid_9937/centroid_9938/centroid_9939/centroid_9940/centroid_9942",6,"darkred","KEGG Pathways",66,0.0909090909090909,"   03011 Ribosome",33,1917,0.0172143974960876,4.16078361782073
"7","   03100 Non-coding RNAs","   03100 Non-coding RNAs","23/49","53/1917",2.27364168922987e-25,4.88832963184422e-24,4.30795267433028e-24,"centroid_4614/centroid_4649/centroid_4650/centroid_4651/centroid_4653/centroid_4654/centroid_4656/centroid_4657/centroid_4658/centroid_4659/centroid_4660/centroid_4661/centroid_4662/centroid_4666/centroid_4667/centroid_4669/centroid_4670/centroid_4671/centroid_4672/centroid_4673/centroid_4679/centroid_4680/centroid_4730",23,"turquoise","KEGG Pathways",49,0.469387755102041,"   03100 Non-coding RNAs",53,1917,0.0276473656755347,53.8015794581548
"8","  09184 RNA family","  09184 RNA family","23/49","53/1917",2.27364168922987e-25,4.88832963184422e-24,4.30795267433028e-24,"centroid_4614/centroid_4649/centroid_4650/centroid_4651/centroid_4653/centroid_4654/centroid_4656/centroid_4657/centroid_4658/centroid_4659/centroid_4660/centroid_4661/centroid_4662/centroid_4666/centroid_4667/centroid_4669/centroid_4670/centroid_4671/centroid_4672/centroid_4673/centroid_4679/centroid_4680/centroid_4730",23,"turquoise","KEGG Pathways",49,0.469387755102041,"  09184 RNA family",53,1917,0.0276473656755347,53.8015794581548
"9","  09122 Translation","  09122 Translation","24/49","78/1917",2.9384482831076e-22,4.21177587245423e-21,3.71172414708328e-21,"centroid_1135/centroid_3938/centroid_4614/centroid_4649/centroid_4650/centroid_4651/centroid_4653/centroid_4654/centroid_4656/centroid_4657/centroid_4658/centroid_4659/centroid_4660/centroid_4661/centroid_4662/centroid_4666/centroid_4667/centroid_4669/centroid_4670/centroid_4671/centroid_4672/centroid_4673/centroid_4680/centroid_4730",24,"turquoise","KEGG Pathways",49,0.489795918367347,"  09122 Translation",78,1917,0.0406885758998435,47.042790454537
"10","   00970 Aminoacyl-tRNA biosynthesis","   00970 Aminoacyl-tRNA biosynthesis","19/49","45/1917",1.75689417755611e-20,1.88866124087282e-19,1.66442606294789e-19,"centroid_1135/centroid_4649/centroid_4651/centroid_4656/centroid_4657/centroid_4658/centroid_4659/centroid_4660/centroid_4661/centroid_4662/centroid_4666/centroid_4667/centroid_4669/centroid_4670/centroid_4671/centroid_4672/centroid_4673/centroid_4680/centroid_4730",19,"turquoise","KEGG Pathways",49,0.387755102040816,"   00970 Aminoacyl-tRNA biosynthesis",45,1917,0.0234741784037559,43.2396364098178
"11"," 09120 Genetic Information Processing"," 09120 Genetic Information Processing","25/49","136/1917",3.25361990262214e-17,2.79811311625504e-16,2.46590139988205e-16,"centroid_1135/centroid_3938/centroid_3939/centroid_4614/centroid_4649/centroid_4650/centroid_4651/centroid_4653/centroid_4654/centroid_4656/centroid_4657/centroid_4658/centroid_4659/centroid_4660/centroid_4661/centroid_4662/centroid_4666/centroid_4667/centroid_4669/centroid_4670/centroid_4671/centroid_4672/centroid_4673/centroid_4680/centroid_4730",25,"turquoise","KEGG Pathways",49,0.510204081632653," 09120 Genetic Information Processing",136,1917,0.07094418362024,35.9388040677892
"12","   03010 Ribosome","   03010 Ribosome","5/49","33/1917",0.0012274693197625,0.00754016867854106,0.00664494669345112,"centroid_3938/centroid_4614/centroid_4650/centroid_4653/centroid_4654",5,"turquoise","KEGG Pathways",49,0.102040816326531,"   03010 Ribosome",33,1917,0.0172143974960876,5.01389860890311
"13","   03011 Ribosome","   03011 Ribosome","5/49","33/1917",0.0012274693197625,0.00754016867854106,0.00664494669345112,"centroid_3938/centroid_4614/centroid_4650/centroid_4653/centroid_4654",5,"turquoise","KEGG Pathways",49,0.102040816326531,"   03011 Ribosome",33,1917,0.0172143974960876,5.01389860890311
"14","   01005 Lipopolysaccharide biosynthesis proteins","   01005 Lipopolysaccharide biosynthesis proteins","4/40","17/1917",0.000318438731296356,0.018787885146485,0.0170951318906465,"centroid_4310/centroid_5696/centroid_5698/centroid_5699",4,"paleturquoise","KEGG Pathways",40,0.1,"   01005 Lipopolysaccharide biosynthesis proteins",17,1917,0.00886802295253,4.06896154076144
"15","   00010 Glycolysis / Gluconeogenesis","   00010 Glycolysis / Gluconeogenesis","5/40","36/1917",0.000717784198610792,0.0211746338590184,0.0192668390153423,"centroid_5612/centroid_5613/centroid_5614/centroid_7082/centroid_8169",5,"paleturquoise","KEGG Pathways",40,0.125,"   00010 Glycolysis / Gluconeogenesis",36,1917,0.0187793427230047,3.94936984657893
"16","  09107 Glycan biosynthesis and metabolism","  09107 Glycan biosynthesis and metabolism","4/40","23/1917",0.00108205487046524,0.021280412452483,0.0193630871556938,"centroid_5691/centroid_5696/centroid_5698/centroid_5699",4,"paleturquoise","KEGG Pathways",40,0.1,"  09107 Glycan biosynthesis and metabolism",23,1917,0.0119979134063641,3.94438674932481
"17","   00540 Lipopolysaccharide biosynthesis","   00540 Lipopolysaccharide biosynthesis","3/40","12/1917",0.00162627077817113,0.0239874939780242,0.0218262657070336,"centroid_5696/centroid_5698/centroid_5699",3,"paleturquoise","KEGG Pathways",40,0.075,"   00540 Lipopolysaccharide biosynthesis",12,1917,0.00625978090766823,3.8246411854886
"18","   00052 Galactose metabolism","   00052 Galactose metabolism","7/30","29/1917",1.34708574944237e-07,5.38834299776949e-06,4.82114899800428e-06,"centroid_4009/centroid_4011/centroid_4012/centroid_4015/centroid_4016/centroid_4017/centroid_4018",7,"darkgrey","KEGG Pathways",30,0.233333333333333,"   00052 Galactose metabolism",29,1917,0.0151278038601982,12.2424982769814
"19","  09101 Carbohydrate metabolism","  09101 Carbohydrate metabolism","12/30","229/1917",7.67244972419639e-05,0.00153448994483928,0.00137296468748778,"centroid_2903/centroid_4008/centroid_4009/centroid_4011/centroid_4012/centroid_4013/centroid_4015/centroid_4016/centroid_4017/centroid_4018/centroid_4131/centroid_4132",12,"darkgrey","KEGG Pathways",30,0.4,"  09101 Carbohydrate metabolism",229,1917,0.119457485654669,6.59078287176392
"20","   02060 Phosphotransferase system (PTS)","   02060 Phosphotransferase system (PTS)","5/30","53/1917",0.00112458144666218,0.0149944192888291,0.0134160593636892,"centroid_4013/centroid_4014/centroid_4016/centroid_4017/centroid_4018",5,"darkgrey","KEGG Pathways",30,0.166666666666667,"   02060 Phosphotransferase system (PTS)",53,1917,0.0276473656755347,4.31130282962835
"21","   01504 Antimicrobial resistance genes","   01504 Antimicrobial resistance genes","3/37","13/1917",0.00165818556945658,0.041115495592065,0.0334432260796701,"centroid_4139/centroid_4140/centroid_4141",3,"royalblue","KEGG Pathways",37,0.0810810810810811,"   01504 Antimicrobial resistance genes",13,1917,0.00678142931664058,3.39790602174458
"22","   03010 Ribosome","   03010 Ribosome","4/37","33/1917",0.00322305295179649,0.041115495592065,0.0334432260796701,"centroid_412/centroid_414/centroid_4442/centroid_4706",4,"royalblue","KEGG Pathways",37,0.108108108108108,"   03010 Ribosome",33,1917,0.0172143974960876,3.39790602174458
"23","   03011 Ribosome","   03011 Ribosome","4/37","33/1917",0.00322305295179649,0.041115495592065,0.0334432260796701,"centroid_412/centroid_414/centroid_4442/centroid_4706",4,"royalblue","KEGG Pathways",37,0.108108108108108,"   03011 Ribosome",33,1917,0.0172143974960876,3.39790602174458
"24","   00362 Benzoate degradation","   00362 Benzoate degradation","3/37","17/1917",0.00373777232655136,0.041115495592065,0.0334432260796701,"centroid_2074/centroid_4515/centroid_4516",3,"royalblue","KEGG Pathways",37,0.0810810810810811,"   00362 Benzoate degradation",17,1917,0.00886802295253,3.39790602174458
"25","  09101 Carbohydrate metabolism","  09101 Carbohydrate metabolism","10/14","229/1917",3.19773902526174e-07,3.11692065059741e-06,8.94809756152367e-07,"centroid_2286/centroid_2287/centroid_2288/centroid_2289/centroid_2290/centroid_2291/centroid_2292/centroid_693/centroid_694/centroid_695",10,"mediumpurple3","KEGG Pathways",14,0.714285714285714,"  09101 Carbohydrate metabolism",229,1917,0.119457485654669,13.9266547042245
"26","  09131 Membrane transport","  09131 Membrane transport","9/14","182/1917",6.83473399553951e-07,3.11692065059741e-06,8.94809756152367e-07,"centroid_2286/centroid_2287/centroid_2288/centroid_2290/centroid_2291/centroid_2292/centroid_698/centroid_699/centroid_700",9,"mediumpurple3","KEGG Pathways",14,0.642857142857143,"  09131 Membrane transport",182,1917,0.0949400104329682,13.9266547042245
"27","   02060 Phosphotransferase system (PTS)","   02060 Phosphotransferase system (PTS)","6/14","53/1917",8.50069268344749e-07,3.11692065059741e-06,8.94809756152367e-07,"centroid_2286/centroid_2287/centroid_2288/centroid_2290/centroid_2291/centroid_2292",6,"mediumpurple3","KEGG Pathways",14,0.428571428571429,"   02060 Phosphotransferase system (PTS)",53,1917,0.0276473656755347,13.9266547042245
"28"," 09130 Environmental Information Processing"," 09130 Environmental Information Processing","9/14","247/1917",9.50923681177117e-06,2.61504012323707e-05,7.50729221981934e-06,"centroid_2286/centroid_2287/centroid_2288/centroid_2290/centroid_2291/centroid_2292/centroid_698/centroid_699/centroid_700",9,"mediumpurple3","KEGG Pathways",14,0.642857142857143," 09130 Environmental Information Processing",247,1917,0.128847157016171,11.7996357138197
"29","   00053 Ascorbate and aldarate metabolism","   00053 Ascorbate and aldarate metabolism","4/14","23/1917",1.45896482721013e-05,3.2097226198623e-05,9.21451469816927e-06,"centroid_2290/centroid_2291/centroid_2292/centroid_693",4,"mediumpurple3","KEGG Pathways",14,0.285714285714286,"   00053 Ascorbate and aldarate metabolism",23,1917,0.0119979134063641,11.5947306325625
"30","   00051 Fructose and mannose metabolism","   00051 Fructose and mannose metabolism","4/14","30/1917",4.38402973725526e-05,8.03738785163464e-05,2.30738407223961e-05,"centroid_2286/centroid_2287/centroid_2288/centroid_2289",4,"mediumpurple3","KEGG Pathways",14,0.285714285714286,"   00051 Fructose and mannose metabolism",30,1917,0.0156494522691706,10.6768110183869
"31","   02000 Transporters","   02000 Transporters","9/14","383/1917",0.000358001380586019,0.000562573598063744,0.000161504382219257,"centroid_2286/centroid_2287/centroid_2288/centroid_2290/centroid_2291/centroid_2292/centroid_698/centroid_699/centroid_700",9,"mediumpurple3","KEGG Pathways",14,0.642857142857143,"   02000 Transporters",383,1917,0.199791340636411,8.73097828118513
"32","   00040 Pentose and glucuronate interconversions","   00040 Pentose and glucuronate interconversions","3/14","25/1917",0.000649332995249788,0.000892832868468459,0.000256315656019653,"centroid_693/centroid_694/centroid_695",3,"mediumpurple3","KEGG Pathways",14,0.214285714285714,"   00040 Pentose and glucuronate interconversions",25,1917,0.0130412102243088,8.26910084171676
"33","   02044 Secretion system","   02044 Secretion system","3/13","33/1917",0.00118287541432252,0.0307547607723855,0.0273929043316794,"centroid_4227/centroid_4228/centroid_4229",3,"darkorange","KEGG Pathways",13,0.230769230769231,"   02044 Secretion system",33,1917,0.0172143974960876,3.5974712651227
"34","   00400 Phenylalanine, tyrosine and tryptophan biosynthesis","   00400 Phenylalanine, tyrosine and tryptophan biosynthesis","2/13","16/1917",0.00483030295658321,0.0472628682203424,0.0420964818156896,"centroid_4225/centroid_4226",2,"darkorange","KEGG Pathways",13,0.153846153846154,"   00400 Phenylalanine, tyrosine and tryptophan biosynthesis",16,1917,0.00834637454355764,3.16779110910903
"35","   00362 Benzoate degradation","   00362 Benzoate degradation","2/13","17/1917",0.00545340787157797,0.0472628682203424,0.0420964818156896,"centroid_2418/centroid_2419",2,"darkorange","KEGG Pathways",13,0.153846153846154,"   00362 Benzoate degradation",17,1917,0.00886802295253,3.16779110910903
"36","   02024 Quorum sensing","   02024 Quorum sensing","4/12","47/1917",0.000136153168837329,0.000749649914075926,0.00039455258635575,"centroid_5807/centroid_5808/centroid_5809/centroid_5810",4,"lightcyan1","KEGG Pathways",12,0.333333333333333,"   02024 Quorum sensing",47,1917,0.0245174752217006,7.83775812781468
"37","  09145 Cellular community - prokaryotes","  09145 Cellular community - prokaryotes","4/12","47/1917",0.000136153168837329,0.000749649914075926,0.00039455258635575,"centroid_5807/centroid_5808/centroid_5809/centroid_5810",4,"lightcyan1","KEGG Pathways",12,0.333333333333333,"  09145 Cellular community - prokaryotes",47,1917,0.0245174752217006,7.83775812781468
"38"," 09140 Cellular Processes"," 09140 Cellular Processes","4/12","49/1917",0.000160639267301984,0.000749649914075926,0.00039455258635575,"centroid_5807/centroid_5808/centroid_5809/centroid_5810",4,"lightcyan1","KEGG Pathways",12,0.333333333333333," 09140 Cellular Processes",49,1917,0.0255607720396453,7.83775812781468
"39","  09131 Membrane transport","  09131 Membrane transport","6/12","182/1917",0.000383797088256307,0.00127097119808172,0.000668932209516696,"centroid_5274/centroid_5807/centroid_5808/centroid_5809/centroid_5810/centroid_7787",6,"lightcyan1","KEGG Pathways",12,0.5,"  09131 Membrane transport",182,1917,0.0949400104329682,7.30982783403661
"40","   02010 ABC transporters","   02010 ABC transporters","5/12","118/1917",0.000453918285029187,0.00127097119808172,0.000668932209516696,"centroid_5807/centroid_5808/centroid_5809/centroid_5810/centroid_7787",5,"lightcyan1","KEGG Pathways",12,0.416666666666667,"   02010 ABC transporters",118,1917,0.0615545122587376,7.30982783403661
"41"," 09130 Environmental Information Processing"," 09130 Environmental Information Processing","6/12","247/1917",0.00202564345954454,0.00472650140560394,0.00248763231873891,"centroid_5274/centroid_5807/centroid_5808/centroid_5809/centroid_5810/centroid_7787",6,"lightcyan1","KEGG Pathways",12,0.5," 09130 Environmental Information Processing",247,1917,0.128847157016171,5.99642389688337
"42","   02000 Transporters","   02000 Transporters","6/12","383/1917",0.0189700768782507,0.0379401537565014,0.019968501977106,"centroid_5274/centroid_5807/centroid_5808/centroid_5809/centroid_5810/centroid_7787",6,"lightcyan1","KEGG Pathways",12,0.5,"   02000 Transporters",383,1917,0.199791340636411,3.91359914803328
"43","   02024 Quorum sensing","   02024 Quorum sensing","4/7","47/1917",1.05396581610651e-05,2.91384593065207e-05,8.76344640797614e-06,"centroid_6128/centroid_6129/centroid_6130/centroid_6131",4,"orangered4","KEGG Pathways",7,0.571428571428571,"   02024 Quorum sensing",47,1917,0.0245174752217006,11.6449213048195
"44","  09145 Cellular community - prokaryotes","  09145 Cellular community - prokaryotes","4/7","47/1917",1.05396581610651e-05,2.91384593065207e-05,8.76344640797614e-06,"centroid_6128/centroid_6129/centroid_6130/centroid_6131",4,"orangered4","KEGG Pathways",7,0.571428571428571,"  09145 Cellular community - prokaryotes",47,1917,0.0245174752217006,11.6449213048195
"45"," 09140 Cellular Processes"," 09140 Cellular Processes","4/7","49/1917",1.2487911131366e-05,2.91384593065207e-05,8.76344640797614e-06,"centroid_6128/centroid_6129/centroid_6130/centroid_6131",4,"orangered4","KEGG Pathways",7,0.571428571428571," 09140 Cellular Processes",49,1917,0.0255607720396453,11.6449213048195
"46","   00260 Glycine, serine and threonine metabolism","   00260 Glycine, serine and threonine metabolism","2/7","29/1917",0.00442877325195033,0.00775035319091307,0.00233093329050017,"centroid_5488/centroid_6133",2,"orangered4","KEGG Pathways",7,0.285714285714286,"   00260 Glycine, serine and threonine metabolism",29,1917,0.0151278038601982,6.06148653774208
"47","   02000 Transporters","   02000 Transporters","4/7","383/1917",0.0329555435807771,0.0461377610130879,0.0138760183498009,"centroid_6128/centroid_6129/centroid_6130/centroid_6131",4,"orangered4","KEGG Pathways",7,0.571428571428571,"   02000 Transporters",383,1917,0.199791340636411,4.27759322746265
"48","   00190 Oxidative phosphorylation","   00190 Oxidative phosphorylation","5/52","21/1917",0.000177028458014291,0.00725816677858592,0.00725816677858592,"centroid_5899/centroid_5900/centroid_5901/centroid_5902/centroid_5903",5,"saddlebrown","KEGG Pathways",52,0.0961538461538462,"   00190 Oxidative phosphorylation",21,1917,0.0109546165884194,4.92562799186806
"49","   3.4.21  Serine endopeptidases","   3.4.21  Serine endopeptidases","4/29","11/806",0.000376307078799432,0.008456557800308,0.00771475448449151,"centroid_1030/centroid_1032/centroid_7970/centroid_7986",4,"orange","KEGG Enzymes",29,0.137931034482759,"   3.4.21  Serine endopeptidases",11,806,0.0136476426799007,4.86462061681123
"50"," 3. Hydrolases"," 3. Hydrolases","15/29","187/806",0.000619947922274785,0.008456557800308,0.00771475448449151,"centroid_1030/centroid_1032/centroid_1036/centroid_618/centroid_679/centroid_7943/centroid_7947/centroid_7969/centroid_7970/centroid_7978/centroid_7985/centroid_7986/centroid_7997/centroid_8001/centroid_8003",15,"orange","KEGG Enzymes",29,0.517241379310345," 3. Hydrolases",187,806,0.232009925558313,4.86462061681123
"51","  3.4  Acting on peptide bonds (peptidases)","  3.4  Acting on peptide bonds (peptidases)","6/29","34/806",0.0008456557800308,0.008456557800308,0.00771475448449151,"centroid_1030/centroid_1032/centroid_7969/centroid_7970/centroid_7986/centroid_7997",6,"orange","KEGG Enzymes",29,0.206896551724138,"  3.4  Acting on peptide bonds (peptidases)",34,806,0.0421836228287841,4.86462061681123
"52","   2.7.1  Phosphotransferases with an alcohol group as acceptor","   2.7.1  Phosphotransferases with an alcohol group as acceptor","6/9","78/806",4.53796768717221e-05,0.000317657738102055,9.55361618352045e-05,"centroid_2286/centroid_2287/centroid_2288/centroid_2291/centroid_2292/centroid_695",6,"mediumpurple3","KEGG Enzymes",9,0.666666666666667,"   2.7.1  Phosphotransferases with an alcohol group as acceptor",78,806,0.0967741935483871,9.25600572419017
"53","  2.7  Transferring phosphorus-containing groups","  2.7  Transferring phosphorus-containing groups","6/9","144/806",0.00155182405012902,0.00543138417545156,0.00163349900013581,"centroid_2286/centroid_2287/centroid_2288/centroid_2291/centroid_2292/centroid_695",6,"mediumpurple3","KEGG Enzymes",9,0.666666666666667,"  2.7  Transferring phosphorus-containing groups",144,806,0.178660049627792,6.41703093902263
"54","   5.1.3  Acting on carbohydrates and derivatives","   5.1.3  Acting on carbohydrates and derivatives","2/9","10/806",0.00476623126379969,0.0111212062821993,0.00334472369389452,"centroid_2289/centroid_693",2,"mediumpurple3","KEGG Enzymes",9,0.222222222222222,"   5.1.3  Acting on carbohydrates and derivatives",10,806,0.0124069478908189,5.70037119153585
"55","  5.1  Racemases and epimerases","  5.1  Racemases and epimerases","2/9","12/806",0.00690942604056202,0.0120914955709835,0.00363654002134843,"centroid_2289/centroid_693",2,"mediumpurple3","KEGG Enzymes",9,0.222222222222222,"  5.1  Racemases and epimerases",12,806,0.0148883374689826,5.61672259297212
"56"," 5. Isomerases"," 5. Isomerases","3/9","42/806",0.00888555545107314,0.0124397776315024,0.00374128650571501,"centroid_2289/centroid_693/centroid_694",3,"mediumpurple3","KEGG Enzymes",9,0.333333333333333," 5. Isomerases",42,806,0.0521091811414392,5.58832574121984
"57","tricarboxylic acid cycle","tricarboxylic acid cycle","5/29","14/780",7.90811899204443e-05,0.000474487139522666,0.000332973431243976,"centroid_1561/centroid_1562/centroid_1563/centroid_2374/centroid_886",5,"black","Biological Process",29,0.172413793103448,"tricarboxylic acid cycle",14,780,0.0179487179487179,8.00744785722103
"58","transport","transport","5/29","37/780",0.00940541131379007,0.0282162339413702,0.0198008659237686,"centroid_1208/centroid_3610/centroid_3613/centroid_3620/centroid_3621",5,"black","Biological Process",29,0.172413793103448,"transport",37,780,0.0474358974358974,3.92202960871427
"59","DNA integration","DNA integration","7/44","16/780",8.78668098762739e-06,0.000105440171851529,6.47439651719913e-05,"centroid_1048/centroid_4859/centroid_7576/centroid_7809/centroid_7819/centroid_7912/centroid_8193",7,"green","Biological Process",44,0.159090909090909,"DNA integration",16,780,0.0205128205128205,9.64507006370517
"60","DNA recombination","DNA recombination","4/44","11/780",0.00218130137986384,0.013087808279183,0.00803637350476151,"centroid_1048/centroid_7576/centroid_7819/centroid_8193",4,"green","Biological Process",44,0.0909090909090909,"DNA recombination",11,780,0.0141025641025641,4.8237773541696
"61"," DNA-templated"," DNA-templated","11/44","88/780",0.00662489208223108,0.0264995683289243,0.0162716647633746,"centroid_1363/centroid_2191/centroid_2412/centroid_2575/centroid_2576/centroid_4344/centroid_5599/centroid_647/centroid_7446/centroid_7901/centroid_7907",11,"green","Biological Process",44,0.25," DNA-templated",88,780,0.112820512820513,4.11833004194233
"62","phosphoenolpyruvate-dependent sugar phosphotransferase system","phosphoenolpyruvate-dependent sugar phosphotransferase system","6/44","39/780",0.0181306543891656,0.0490373510415103,0.0301106541482958,"centroid_1363/centroid_1366/centroid_1367/centroid_1368/centroid_1369/centroid_2661",6,"green","Biological Process",44,0.136363636363636,"phosphoenolpyruvate-dependent sugar phosphotransferase system",39,780,0.05,3.50287621144067
"63","regulation of transcription","regulation of transcription","6/44","40/780",0.0204322296006293,0.0490373510415103,0.0301106541482958,"centroid_1363/centroid_4344/centroid_5599/centroid_647/centroid_7901/centroid_7907",6,"green","Biological Process",44,0.136363636363636,"regulation of transcription",40,780,0.0512820512820513,3.50287621144067
"64","cellular amino acid biosynthetic process","cellular amino acid biosynthetic process","8/26","10/780",2.05671770545844e-11,2.05671770545844e-11,0,"centroid_2120/centroid_2121/centroid_2122/centroid_2123/centroid_2124/centroid_3872/centroid_3873/centroid_90",8,"lightcyan","Biological Process",26,0.307692307692308,"cellular amino acid biosynthetic process",10,780,0.0128205128205128,Inf
"65","translation","translation","21/41","34/780",2.21275552777667e-21,1.327653316666e-20,1.16460817251404e-20,"centroid_1771/centroid_223/centroid_224/centroid_225/centroid_4650/centroid_4651/centroid_4654/centroid_4656/centroid_4657/centroid_4658/centroid_4659/centroid_4660/centroid_4661/centroid_4662/centroid_4666/centroid_4667/centroid_4669/centroid_4670/centroid_4671/centroid_4672/centroid_4680",21,"turquoise","Biological Process",41,0.51219512195122,"translation",34,780,0.0435897435897436,45.8993171620417
"66","phosphoenolpyruvate-dependent sugar phosphotransferase system","phosphoenolpyruvate-dependent sugar phosphotransferase system","10/34","39/780",1.6521989132585e-06,1.3217591306068e-05,1.21740972555889e-05,"centroid_1125/centroid_1126/centroid_1527/centroid_2092/centroid_2093/centroid_2583/centroid_2584/centroid_3989/centroid_3990/centroid_3991",10,"salmon","Biological Process",34,0.294117647058824,"phosphoenolpyruvate-dependent sugar phosphotransferase system",39,780,0.05,11.3162000391296
"67","translation","translation","10/48","34/780",1.30164587211511e-05,0.000104131669769209,9.59107484716396e-05,"centroid_222/centroid_3882/centroid_4415/centroid_4522/centroid_4579/centroid_4663/centroid_4674/centroid_4936/centroid_4937/centroid_788",10,"yellow","Biological Process",48,0.208333333333333,"translation",34,780,0.0435897435897436,9.25209250235913
"68","phosphoenolpyruvate-dependent sugar phosphotransferase system","phosphoenolpyruvate-dependent sugar phosphotransferase system","4/14","39/780",0.00372865121849776,0.0186432560924888,0.0156995840778853,"centroid_4494/centroid_4495/centroid_4498/centroid_4499",4,"paleturquoise","Biological Process",14,0.285714285714286,"phosphoenolpyruvate-dependent sugar phosphotransferase system",39,780,0.05,4.15412105883323
"69","cobalamin biosynthetic process","cobalamin biosynthetic process","12/26","19/780",4.44190231122196e-15,8.88380462244392e-15,4.67568664339154e-15,"centroid_4123/centroid_4124/centroid_4125/centroid_4126/centroid_4128/centroid_4129/centroid_4130/centroid_4132/centroid_4133/centroid_4134/centroid_4135/centroid_4137",12,"darkgrey","Biological Process",26,0.461538461538462,"cobalamin biosynthetic process",19,780,0.0243589743589744,32.9964003673634
"70","cobalamin biosynthetic process","cobalamin biosynthetic process","6/25","19/780",1.18654888126005e-05,4.74619552504019e-05,3.74699646713699e-05,"centroid_4136/centroid_4138/centroid_4139/centroid_4140/centroid_4141/centroid_4708",6,"royalblue","Biological Process",25,0.24,"cobalamin biosynthetic process",19,780,0.0243589743589744,10.1919708880102
"71","DNA integration","DNA integration","3/10","16/780",0.000780728648950829,0.00390364324475414,0.00246545889142367,"centroid_7952/centroid_8105/centroid_8113",3,"darkturquoise","Biological Process",10,0.3,"DNA integration",16,780,0.0205128205128205,6.00537732596428
"72","DNA recombination","DNA recombination","2/10","11/780",0.0076573144089867,0.0191432860224668,0.0120904964352422,"centroid_8105/centroid_8113",2,"darkturquoise","Biological Process",10,0.2,"DNA recombination",11,780,0.0141025641025641,4.41533555355724
"73","transmembrane transport","transmembrane transport","4/25","26/780",0.00763085083084678,0.0457851049850807,0.0401623727939304,"centroid_1693/centroid_3483/centroid_4704/centroid_4857",4,"midnightblue","Biological Process",25,0.16,"transmembrane transport",26,780,0.0333333333333333,3.21482472182982
"74","phosphoenolpyruvate-dependent sugar phosphotransferase system","phosphoenolpyruvate-dependent sugar phosphotransferase system","4/11","39/780",0.00137180527698964,0.00274361055397927,0.00144400555472593,"centroid_5767/centroid_5768/centroid_5769/centroid_5770",4,"darkmagenta","Biological Process",11,0.363636363636364,"phosphoenolpyruvate-dependent sugar phosphotransferase system",39,780,0.05,6.54033439175579
"75","cell adhesion","cell adhesion","3/8","11/780",0.000112813530145792,0.00056406765072896,0.000356253253091974,"centroid_4225/centroid_4226/centroid_4229",3,"darkorange","Biological Process",8,0.375,"cell adhesion",11,780,0.0141025641025641,7.93986869493686
"76","DNA recombination","DNA recombination","1/1","11/780",0.0141025641025641,0.0205128205128204,0,"centroid_6126",1,"lightyellow","Biological Process",1,1,"DNA recombination",11,780,0.0141025641025641,Inf
"77","DNA integration","DNA integration","1/1","16/780",0.0205128205128204,0.0205128205128204,0,"centroid_6126",1,"lightyellow","Biological Process",1,1,"DNA integration",16,780,0.0205128205128205,Inf
"78","transcription","transcription","5/13","73/780",0.00444576149572045,0.0266745689743227,0.0187189957714545,"centroid_2547/centroid_2551/centroid_2666/centroid_5557/centroid_5561",5,"yellowgreen","Biological Process",13,0.384615384615385,"transcription",73,780,0.0935897435897436,3.97821645405888
"79"," DNA-templated"," DNA-templated","5/13","88/780",0.0100993762316693,0.0302981286950078,0.0212618446982511,"centroid_2547/centroid_2551/centroid_2666/centroid_5557/centroid_5561",5,"yellowgreen","Biological Process",13,0.384615384615385," DNA-templated",88,780,0.112820512820513,3.85084114133527
"80","DNA integration","DNA integration","2/3","16/780",0.00117073576884619,0.00234147153769238,0,"centroid_7084/centroid_7954",2,"ivory","Biological Process",3,0.666666666666667,"DNA integration",16,780,0.0205128205128205,Inf
"81","DNA recombination","DNA recombination","1/3","11/780",0.0417666839366266,0.0417666839366266,0,"centroid_7954",1,"ivory","Biological Process",3,0.333333333333333,"DNA recombination",11,780,0.0141025641025641,Inf
"82","cell adhesion","cell adhesion","3/4","11/780",8.31221729413663e-06,8.31221729413663e-06,0,"centroid_4238/centroid_4239/centroid_4243",3,"darkolivegreen","Biological Process",4,0.75,"cell adhesion",11,780,0.0141025641025641,Inf
"83","cell outer membrane","cell outer membrane","7/25","19/605",3.08715692768479e-06,1.5435784638424e-05,9.74891661374146e-06,"centroid_1352/centroid_1425/centroid_1951/centroid_2111/centroid_3169/centroid_3533/centroid_931",7,"cyan","Cellular Component",25,0.28,"cell outer membrane",19,605,0.031404958677686,11.5383543956678
"84","ATP-binding cassette (ABC) transporter complex","ATP-binding cassette (ABC) transporter complex","8/54","26/605",0.00106071429881247,0.00742500009168729,0.00669924820302612,"centroid_1505/centroid_1506/centroid_1507/centroid_2766/centroid_3473/centroid_4205/centroid_4449/centroid_4766",8,"brown","Cellular Component",54,0.148148148148148,"ATP-binding cassette (ABC) transporter complex",26,605,0.0429752066115702,5.00575996738463
"85","cytoplasm","cytoplasm","8/13","107/605",0.000445324078336069,0.00222662039168034,0.00187504875088871,"centroid_105/centroid_3410/centroid_3413/centroid_3414/centroid_3872/centroid_4169/centroid_4699/centroid_838",8,"lightcyan","Cellular Component",13,0.615384615384615,"cytoplasm",107,605,0.176859504132231,6.27912061942379
"86","ribosome","ribosome","13/41","27/605",9.13332864570487e-10,5.47999718742292e-09,3.84561206134942e-09,"centroid_1771/centroid_224/centroid_225/centroid_4651/centroid_4657/centroid_4658/centroid_4659/centroid_4660/centroid_4661/centroid_4662/centroid_4666/centroid_4671/centroid_4672",13,"turquoise","Cellular Component",41,0.317073170731707,"ribosome",27,605,0.0446280991735537,19.3763330629512
"87","ribosome","ribosome","9/45","27/605",5.34447574294571e-05,0.000587892331724028,0.000450061115195428,"centroid_222/centroid_3882/centroid_4415/centroid_4522/centroid_4579/centroid_4674/centroid_4936/centroid_4937/centroid_788",9,"yellow","Cellular Component",45,0.2,"ribosome",27,605,0.0446280991735537,7.70612717287607
"88","ATP-binding cassette (ABC) transporter complex","ATP-binding cassette (ABC) transporter complex","3/7","26/605",0.00220611923166858,0.00882447692667432,0.00696669231053236,"centroid_4126/centroid_4127/centroid_4129",3,"darkgrey","Cellular Component",7,0.428571428571429,"ATP-binding cassette (ABC) transporter complex",26,605,0.0429752066115702,4.9666147277486
"89","membrane","membrane","1/1","15/605",0.024793388429752,0.024793388429752,0,"centroid_2573",1,"steelblue","Cellular Component",1,1,"membrane",15,605,0.0247933884297521,Inf
"90","integral component of membrane","integral component of membrane","5/5","311/605",0.035333695788704,0.035333695788704,0,"centroid_5888/centroid_5898/centroid_5940/centroid_6048/centroid_8386",5,"saddlebrown","Cellular Component",5,1,"integral component of membrane",311,605,0.51404958677686,Inf
"91","integral component of membrane","integral component of membrane","13/15","311/605",0.00461468069633646,0.0138440420890094,0.00971511725544519,"centroid_5932/centroid_5943/centroid_5946/centroid_6036/centroid_6037/centroid_6039/centroid_6044/centroid_6046/centroid_6056/centroid_6058/centroid_6060/centroid_6066/centroid_7428",13,"skyblue3","Cellular Component",15,0.866666666666667,"integral component of membrane",311,605,0.51404958677686,4.63407212669956
"92","receptor activity","receptor activity","7/36","10/1029",3.9118223557609e-09,5.86773353364135e-08,4.52947851719683e-08,"centroid_1352/centroid_1425/centroid_1951/centroid_2111/centroid_3169/centroid_3533/centroid_931",7,"cyan","Molecular Function",36,0.194444444444444,"receptor activity",10,1029,0.00971817298347911,16.9100739287006
"93","iron ion binding","iron ion binding","7/36","16/1029",3.20584230121804e-07,2.40438172591353e-06,1.85601396386307e-06,"centroid_1352/centroid_1425/centroid_1426/centroid_1951/centroid_2111/centroid_3169/centroid_931",7,"cyan","Molecular Function",36,0.194444444444444,"iron ion binding",16,1029,0.0155490767735666,13.1970793999954
"94","transporter activity","transporter activity","8/36","57/1029",0.000484067403296774,0.00242033701648387,0.00186833032851386,"centroid_1329/centroid_1430/centroid_1431/centroid_2953/centroid_2954/centroid_3004/centroid_4362/centroid_934",8,"cyan","Molecular Function",36,0.222222222222222,"transporter activity",57,1029,0.0553935860058309,6.28271011941616
"95","NADH dehydrogenase (ubiquinone) activity","NADH dehydrogenase (ubiquinone) activity","8/34","12/1029",2.70311375461038e-10,4.86560475829869e-09,3.98353605942583e-09,"centroid_3610/centroid_3611/centroid_3612/centroid_3614/centroid_3617/centroid_3618/centroid_3620/centroid_3621",8,"black","Molecular Function",34,0.235294117647059,"NADH dehydrogenase (ubiquinone) activity",12,1029,0.0116618075801749,19.3410959549523
"96"," 4 sulfur cluster binding"," 4 sulfur cluster binding","6/34","23/1029",5.57464693144095e-05,0.000334478815886457,0.000273842305404117,"centroid_3615/centroid_3617/centroid_3618/centroid_3621/centroid_42/centroid_886",6,"black","Molecular Function",34,0.176470588235294," 4 sulfur cluster binding",23,1029,0.0223517978620019,8.20295814497806
"97","4 iron","4 iron","6/34","23/1029",5.57464693144095e-05,0.000334478815886457,0.000273842305404117,"centroid_3615/centroid_3617/centroid_3618/centroid_3621/centroid_42/centroid_886",6,"black","Molecular Function",34,0.176470588235294,"4 iron",23,1029,0.0223517978620019,8.20295814497806
"98","metal ion binding","metal ion binding","8/34","61/1029",0.000514287999322065,0.00231429599694929,0.00189474526066024,"centroid_1210/centroid_3618/centroid_3619/centroid_42/centroid_4727/centroid_4799/centroid_497/centroid_886",8,"black","Molecular Function",34,0.235294117647059,"metal ion binding",61,1029,0.0592808551992225,6.2686708765761
"99","transferase activity","transferase activity","2/3","34/1029",0.00311594105966507,0.00311594105966507,0,"centroid_5643/centroid_5644",2,"skyblue","Molecular Function",3,0.666666666666667,"transferase activity",34,1029,0.033041788143829,Inf
"100","nucleic acid binding","nucleic acid binding","5/65","15/1029",0.00158177597610459,0.0193379102538323,0.0169630791700284,"centroid_3404/centroid_3849/centroid_4859/centroid_7809/centroid_7912",5,"green","Molecular Function",65,0.0769230769230769,"nucleic acid binding",15,1029,0.0145772594752187,4.07671611026089
"101","DNA binding","DNA binding","16/65","118/1029",0.00161149252115269,0.0193379102538323,0.0169630791700284,"centroid_1048/centroid_2191/centroid_2412/centroid_2575/centroid_2576/centroid_4341/centroid_5599/centroid_647/centroid_7446/centroid_7576/centroid_7819/centroid_7851/centroid_7901/centroid_7907/centroid_8190/centroid_8193",16,"green","Molecular Function",65,0.246153846153846,"DNA binding",118,1029,0.114674441205053,4.07671611026089
"102"," sequence-specific DNA binding"," sequence-specific DNA binding","3/10","46/1029",0.0080529839215796,0.0362384276471082,0.0254304755418303,"centroid_1533/centroid_1754/centroid_2824",3,"greenyellow","Molecular Function",10,0.3," sequence-specific DNA binding",46,1029,0.0447035957240039,3.6718069996903
"103","transcription factor activity","transcription factor activity","3/10","46/1029",0.0080529839215796,0.0362384276471082,0.0254304755418303,"centroid_1533/centroid_1754/centroid_2824",3,"greenyellow","Molecular Function",10,0.3,"transcription factor activity",46,1029,0.0447035957240039,3.6718069996903
"104","structural constituent of ribosome","structural constituent of ribosome","21/46","34/1029",1.62164872653121e-22,1.62164872653121e-21,1.36559892760523e-21,"centroid_1771/centroid_223/centroid_224/centroid_225/centroid_4650/centroid_4651/centroid_4654/centroid_4656/centroid_4657/centroid_4658/centroid_4659/centroid_4660/centroid_4661/centroid_4662/centroid_4666/centroid_4667/centroid_4669/centroid_4670/centroid_4671/centroid_4672/centroid_4680",21,"turquoise","Molecular Function",46,0.456521739130435,"structural constituent of ribosome",34,1029,0.033041788143829,48.0426938456692
"105","rRNA binding","rRNA binding","17/46","20/1029",4.58991836153031e-22,2.29495918076516e-21,1.93259720485487e-21,"centroid_223/centroid_4650/centroid_4654/centroid_4656/centroid_4657/centroid_4658/centroid_4659/centroid_4660/centroid_4661/centroid_4662/centroid_4666/centroid_4667/centroid_4669/centroid_4670/centroid_4671/centroid_4672/centroid_4680",17,"turquoise","Molecular Function",46,0.369565217391304,"rRNA binding",20,1029,0.0194363459669582,47.6954221526063
"106","protein-N(PI)-phosphohistidine-sugar phosphotransferase activity","protein-N(PI)-phosphohistidine-sugar phosphotransferase activity","6/37","15/1029",5.6491611060329e-06,6.77899332723948e-05,6.54113391224862e-05,"centroid_1126/centroid_1527/centroid_2092/centroid_2584/centroid_3990/centroid_3991",6,"salmon","Molecular Function",37,0.162162162162162,"protein-N(PI)-phosphohistidine-sugar phosphotransferase activity",15,1029,0.0145772594752187,9.63481493345211
"107","structural constituent of ribosome","structural constituent of ribosome","10/60","34/1029",9.36166765467241e-06,0.000187233353093448,0.00017737896608853,"centroid_222/centroid_3882/centroid_4415/centroid_4522/centroid_4579/centroid_4663/centroid_4674/centroid_4936/centroid_4937/centroid_788",10,"yellow","Molecular Function",60,0.166666666666667,"structural constituent of ribosome",34,1029,0.033041788143829,8.6372220628269
"108","hydrolase activity","hydrolase activity","8/60","44/1029",0.00280252936641458,0.0280252936641458,0.0265502782081381,"centroid_1691/centroid_1895/centroid_2353/centroid_2354/centroid_2528/centroid_3757/centroid_4837/centroid_761",8,"yellow","Molecular Function",60,0.133333333333333,"hydrolase activity",44,1029,0.0427599611273081,3.62871505269982
"109","magnesium ion binding","magnesium ion binding","1/1","33/1029",0.0320699708454809,0.0320699708454809,0,"centroid_4944",1,"purple","Molecular Function",1,1,"magnesium ion binding",33,1029,0.032069970845481,Inf
"110","lyase activity","lyase activity","4/31","15/1029",0.000731733885240563,0.00878080662288675,0.00770246194990066,"centroid_4010/centroid_4013/centroid_4014/centroid_4015",4,"darkgrey","Molecular Function",31,0.129032258064516,"lyase activity",15,1029,0.0145772594752187,4.86621526747311
"111","NADH dehydrogenase (ubiquinone) activity","NADH dehydrogenase (ubiquinone) activity","3/31","12/1029",0.00453631349051075,0.0272178809430645,0.0238753341605829,"centroid_4009/centroid_4011/centroid_4013",3,"darkgrey","Molecular Function",31,0.0967741935483871,"NADH dehydrogenase (ubiquinone) activity",12,1029,0.0116618075801749,3.73490939645851
"112"," sequence-specific DNA binding"," sequence-specific DNA binding","5/22","46/1029",0.00213147868439071,0.018117568817321,0.0157056324113,"centroid_1374/centroid_1985/centroid_2116/centroid_3835/centroid_7045",5,"red","Molecular Function",22,0.227272727272727," sequence-specific DNA binding",46,1029,0.0447035957240039,4.153735878652
"113","transcription factor activity","transcription factor activity","5/22","46/1029",0.00213147868439071,0.018117568817321,0.0157056324113,"centroid_1374/centroid_1985/centroid_2116/centroid_3835/centroid_7045",5,"red","Molecular Function",22,0.227272727272727,"transcription factor activity",46,1029,0.0447035957240039,4.153735878652
"114","DNA binding","DNA binding","9/16","118/1029",1.46511509047655e-05,0.000102558056333359,6.1689056441118e-05,"centroid_2433/centroid_6070/centroid_7972/centroid_8105/centroid_8113/centroid_8116/centroid_8118/centroid_8120/centroid_8165",9,"darkturquoise","Molecular Function",16,0.5625,"DNA binding",118,1029,0.114674441205053,9.69340401002718
"115"," sequence-specific DNA binding"," sequence-specific DNA binding","5/16","46/1029",0.000433120045117014,0.00346496036093611,0.0029634529402743,"centroid_2547/centroid_2551/centroid_2666/centroid_5557/centroid_5561",5,"yellowgreen","Molecular Function",16,0.3125," sequence-specific DNA binding",46,1029,0.0447035957240039,5.82140015664168
"116","transcription factor activity","transcription factor activity","5/16","46/1029",0.000433120045117014,0.00346496036093611,0.0029634529402743,"centroid_2547/centroid_2551/centroid_2666/centroid_5557/centroid_5561",5,"yellowgreen","Molecular Function",16,0.3125,"transcription factor activity",46,1029,0.0447035957240039,5.82140015664168
"117","sequence-specific DNA binding","sequence-specific DNA binding","3/16","21/1029",0.00346330216746089,0.0184709448931247,0.0157975186585935,"centroid_2666/centroid_5557/centroid_5561",3,"yellowgreen","Molecular Function",16,0.1875,"sequence-specific DNA binding",21,1029,0.0204081632653061,4.14790239820684
"118","DNA binding","DNA binding","3/5","118/1029",0.0123734425918667,0.0371203277756002,0.0260493528249826,"centroid_7085/centroid_7831/centroid_7954",3,"ivory","Molecular Function",5,0.6,"DNA binding",118,1029,0.114674441205053,3.64776235466209
"119","DNA binding","DNA binding","6/11","118/1029",0.000573236222687831,0.00401265355881482,0.0036204393011863,"centroid_3342/centroid_5973/centroid_5976/centroid_5980/centroid_6005/centroid_6012",6,"white","Molecular Function",11,0.545454545454545,"DNA binding",118,1029,0.114674441205053,5.62115990658838
"120","DNA binding","DNA binding","3/5","118/1029",0.0123734425918667,0.0494937703674669,0.0390740292374739,"centroid_667/centroid_6965/centroid_7515",3,"sienna3","Molecular Function",5,0.6,"DNA binding",118,1029,0.114674441205053,3.24229724655393
"121","DNA binding","DNA binding","2/2","118/1029",0.0130514685029098,0.0261029370058196,0.0137383878977998,"centroid_7876/centroid_7959",2,"plum1","Molecular Function",2,1,"DNA binding",118,1029,0.114674441205053,4.28756132819819
